Komentar,Sentimen
info BMKG ok bagus,Positif
bmkg meleset.bmkg orqng2nya pada tidur ya. masa hujan jam sampe jam 9 malam kenyataannya gak hujan. BMKG makan gaji buta ya,Negatif
Terima Kasih. 🙏🏻 Sangat Membantu Sekali.,Positif
tolong untuk aplikasi BMKG tambahkan fitur widget cuaca dalam sehari terdiri dari beberapa jam di jamin oke lah ... kalau sudah saya kasih rating deh ... saya berharap ada yah kak,Netral
gabisa dibuka,Negatif
tolong infonya gempa dan cuaca sangat sangat terlambat notifikasi pembemberitahuannya diharap untuk diperbaiki agar prediksi nitifikasi cepat masuk,Negatif
aplikasi bagus sangat penting dan mudah untuk digunakan!!🙏,Positif
"Sangat membantu sihh..,tp kenapa titiknya gunung sahari ya skrang?",Positif
aplikasi BMKG ini sangat bermanfaat untuk melihat kondisi cuaca terkini dan juga dilengkapi dengan pemberitahuan gempa,Positif
gunung sahari terus..😄😄,Netral
"informasi yang ditanpilkan tidak jelas, lemot",Negatif
sangat ber manfaat,Positif
"sayang sekali, tidak ada widget",Positif
"gak berkembang malah jadi berat, dan gak bisa lagi liat index ultraviolet.",Negatif
prakiraan cuacanya salah trus,Negatif
keren aku suka🤩🤩🤩🤩🤩🤩🤩🤩🤩🤩🤩🤩🤩🤩🤩🤩🤩🤩🤩🤩,Positif
sangat bermanfaat,Positif
Aplikasi dari. Info. Bmkg ini tentunya sangat. Membantu dan dapat cepat mengetahui tentang peristiwa alam maupun bencana. Yang terjadi saat ini dan lebih dini. Sehingga kita dapat cepat mengetahui dan sama sama mengatasi dan memberikan bantuan yang dibutuhkan..,Positif
kurang akurat,Negatif
"kebanyakan notifikasi berisik,,, notifikasi hujan dijakarta, padahal saya tinggal dijambi,, buat apa? tolong diperbaiki",Negatif
hari Minggu gak ada update untuk himawari-9 EH nya... uninstall dulu dah,Negatif
ok,Netral
New version update version New update Version New Device Samsung galaxy New update Version supported on mobile,Netral
"lokasi tidak bisa ganti, selalu di gunung sahari selatan,.. mode bahasa juga tidak bisa di ganti..",Netral
Notifikasi Lokasi dan cuaca seharusnya langsung mendeteksi aktual lokasi. Tidak perlu mengatur secara manual.,Negatif
ok mantap,Positif
HALO?INI APLIKASI PENYELAMAT BANYAK NYAWA TERUS INI ABIS UPDATE?KO TAMBAH MAKIN BURUK SIH?MASUK CUMAN MENTOK LOGO?SINYAL LANCAR TAPI LOST CONNECTION?TEFAKK!,Negatif
"Untuk fitur yang ada sudah bagus, tetapi tolong tambahkan notifikasi khusus terutama untuk gempa, peringatan dini tsunami, dan badai agar semakin lengkap",Positif
apk error,Negatif
kurang akurat bikin satu kampung geger dengan mlesetnya prediksi cuaca,Negatif
info lokasi gunung sahari kapn mw diperbaiki.... sudah setengah tahun lho...,Negatif
tidak bagus jelek Lambat informasi,Negatif
perlu ditingkatkan lagi kemudahan pada tampilan android dan jangan ada iklan,Negatif
Kami sangat berharap aplikasi ini selalu menyediakan info yg terupdate. selalu di update cuaca maritimnya.,Positif
"Desa/Kelurahan yang masuk wilayah Kabupaten Bogor, Kabupaten Bekasi & Kabupaten Tangerang kalau dapat notifikasi Peringatan Dini Cuaca wilayahnya bukan Peringatan Dini Cuaca untuk wilayah JABODETABEK.",Negatif
"Lokasi saya di Cilebut Barat, Sukaraja, Kabupaten Bogor kalau dapet notifikasi munculnya berita Peringatan Dini cuaca yang akan terjadi di Wilayah Jawa Barat (Jawa Barat nggak termasuk BoDeBek), tp ketika ubah lokasi secara manual menjadi Ciganjur, Jagakarsa, Jakarta dapet beritanya Jabodetabek. Jd yang wilayah Jabodetabek selain Jakarta kalau dapet notifikasi Peringatan Dini nggak sesuai wilayahnya. Dan tampilan bawah di perangkat saya (Galaxy A33 5G) bertabrakan dengan tombol Bilah Navigasi.",Negatif
"bagis, tapi tolong jika ada peringatan gempa ato apapun, terlalu telat taunya sehingga prsiapan kurang matang. tolong diperbaiki untuk notifikasi peringatan gempanya",Positif
Di update malah BUG dimana-mana,Negatif
"ADMIN TOLONG APLIKASINYA DIPERBAIKI, UPDATE KOK JADI JELEK, TITIK LOKASI TDK SESUAI PADAHAL SUDAH DI SETTING MANUAL ATAU GPS",Negatif
"aplikasi ini tidak berguna, udah benar saya liat lokasi, misal besoknya hari cerah, ehh taunya hari hujan👎",Negatif
sangat membantu sekali,Positif
"sangat bagus, sebagai panduan keseharian",Positif
notifikasi gempanya terlambat 2jam setengah. informasi yang sangat2 terlambat. tolong di perbaiki,Negatif
baik,Positif
gasuka.. aku liat real-time gempa bumi gak muncul sama sekali udah berhari hari. payah,Negatif
zaa,Netral
fitur citra satelit error agaknya... tanggal benar tapi waktu yg ditunjukan tidak sesuai atau tidak realtime.,Negatif
hbs updet mlah sering keluar aplikasi sendiri,Negatif
Harap lokasi bisa diperbaiki agar bisa sesuai dengan lokasi pengguna aplikasi...sudah saya ubah lewat GPS maupun dengan memasukan kelurahan/desa lokasi tetap kembali lagi ke gunung sahari selatan setelah keluar dari aplikasi...karena saya sebagai pengguna ingin cepat untuk mengetahui perkiraan cuaca dilokasi saya secara otomatis setelah membuka aplikasi tanpa harus ubah lokasi secara manual,Netral
"Sangat bagus, tapi kenapa titik lokasinya menjadi gunung sahari, padahal sudah setting lokasi pakai gps dan manual juga.",Netral
sangat membantu,Positif
sangat membantu kami sebagai relawan kemanusiaan... Terima kasih,Positif
🤡,Negatif
sangat mambatu,Positif
mohon sering diberitakan musim jarak 3 s/d 6 bulan yang akan datang,Positif
Good,Positif
"tolong di perbaiki lagi ya🙏 untuk pemberitahuan gempanya sangat lama sekitar 30 menit sesudah kejadian baru muncul pemberitahuan ,, seharusnya kan pas kejadian langsung ada tuh pemberitahuan nya,,lebih bagus sih sebelum nya,,, terimakasih",Netral
daerah sampit kalimantan tengah gaada padahala ada kantor bmkg disini,Negatif
keren dan bagus,Positif
nice,Positif
oke,Positif
akurat terimakasih sangat membantu,Positif
sekarang kurang akurat infonya,Positif
untuk lokasi Purwakarta hilang min,Positif
sangat membantu,Positif
sangat membantu,Positif
bagus sekali!!!¡¡¡,Positif
"Kocak bangetttt... Setelah di update, masa titiknya di gunung sahari terus, sudah diperbaiki pakai GPS dan pilih cara manual tetap aja balik ke GUNUNG SAHARI... padahal kita di Pekanbaru Riau.....",Negatif
"jelek kali, informasinya gak to the point, org mau cari tau cuaca jam sekian itu apa, kasih teks jugak biar paham, gak cuman gambar, kasih persentasi hujan berapa persen di jam sekian, bisa buat informasi yg bagus gk sih?, apa gunannya ni aplikasi info bmkg kalau informasi aja setengah""",Negatif
kok tambah ngaco,Negatif
mudah2 semakin akurat presiksi2'nya,Netral
"di update makin parah , citra satelit gak bisa ditampilkan kadang eror. ganti vendor pembuat aplikasinya yg kompeten",Negatif
bagus,Positif
"ok bisa membantu, dalam kewaspadaan",Positif
aplikasi ini sangat di perlukan,Positif
Sangat membantu sekali dalam mencari info cuaca 👍,Positif
Alhamdulillah,Positif
"baru aja dowload lang sing ada peringatan gempa aja terus beneran deh gempa,, bener bener akurat nih aplikasinya",Positif
cukup baik,Positif
kenapa setelah update citra satelit tidak bisa di buka,Negatif
bagus,Positif
Bagus sekali...👍👍👍👍,Positif
"nyaris tepat , sangat bagus sebagai panduan untuk rutinitas kegiatan dlm keseharian",Positif
"Aplikasi yang sangat bagus dan sangat akurat,",Positif
sangat membantu,Positif
"baru aja pembaruan, citra satelit gk bisa dibuka",Positif
very helped,Positif
sangat membantu sekali bagi saya pribadi dan instansi dalam memberingan informasi dini buat masyarakat,Positif
kerenn....,Positif
"Lambat banget sekarang Pemberitahuan gempa nya , semakin jelek aplikasinya",Negatif
tala lagi sakit,Netral
mohot tambahkan mode gelap,Netral
kenapa tidak bisa diperbarui terima kasih,Negatif
aplikasi ini sangat bermanfaat buat yang belum tau berita bencana,Positif
aplikasi gak jelas buang duit rakyat,Negatif
"Kontribusi untuk cuaca tidak berguna. musalnya: Sudah diusulkan bahwa cuaca di lokasi Sukabakti, Curug, Tangerang, hujan lebat. tetapi di aplikasi tetap tertera BERAWAN. Jadi, untuk apa diminta ikut serta berkontribusi untuk cuaca jika aplikasi tidak diupdate?",Negatif
"Membantu Terutama Petani Penggarap Tembakau Untuk Berusaha Menghindari Adanya Kemungkinan Hujan Ringan Di musim Tembakau dan Waktu Menjemur Tembakau Rajangan di wilayah kami di musim bulan Agustus, September, Oktober ini juga saat musim hujan tiba untuk petani siap menanam palawija...dll Semoga Tim pengamat BMKG senantiasa di berikan kesehatan dan sukses selalu di bidangnya",Positif
"sebenernya sih bagus ya, cuma tambahin dong peringatan dini gempa kek jepang biar bisa antisipasi",Positif
kami di papua tp knp waktunya pake WIB. kan membingungkan.. tdk bsa atur zona waktu. tlong developer diperbaiki. 🙏,Negatif
"GPS/lokasi perangkat HP android tidak bisa disetting sesuai lokasi pemakai, beda jaraknya sampe 73 km dr perangkat. pdhal google GPS berjalan baik dan normal seduai lokasi perangkat.",Negatif
Tanjung Jabung Barat Jambi Tungkal Harapan,Netral
sering banget kalau habis gempa mau lihat info titik gempa apk eror tolong diperbaiki,Negatif
"tidak akurat, butut",Negatif
oke👍,Positif
aplikasi sampah pegawainya bayarane Tah gede tapi mending dukun....nglomboni udan ora ya udan jere terang ya udan gede,Negatif
aplikasinya bagus tapi diharapkan untuk kualitas udara bisa disesuaikan dengan lokasi kita,Positif
akurat,Positif
radar sering macet knp !?,Negatif
"Fitur radar gak berfungsi, apa anggaran lagi dikorupsi? Mikirlah kalian untuk orang lapangan perlu radar biar tau mau ujan atw nggak. Apa agama kalian gak ngajarin korupsi itu haram?? Atau masi beragama kalian??",Negatif
"Mohon bisa dijadikan widget pada smartphone , ini sudah sangat membantu",Positif
apknya terlalu ribet... prediksi hujannya juga tidak ada...,Negatif
sayangnya tidak widget untuk layar depan,Negatif
Cuaca Terbaik 😇,Positif
mantap,Positif
kurang fokus / detail,Positif
semoga BMKG LEBIH MAJU,Positif
"nyesel update aplikasi BMKG, udah setting lokasi alamat saya malah terus-terusan kembali ke awal (Gunung Sahari Selatan) lagi. Tau gitu dari awal jangan di update",Negatif
tolong lah adain fitur widget biar tau kondisi cuaca secara langsung,Negatif
baik sekali,Positif
apps bagus sayang pemberitauan telat....,Netral
jadi tenang kalo ada becana alam jadi penyelat semua jadi aman,Positif
"Buatin widget cuaca yang bisa kasih tau info cuaca, g3mpa, kualitas udara, kelembapan dll secara realtime",Positif
"Tidak percaya dengan prakiraan cuaca, tidak membuktikan asli dengan situasi dan kondisi real terkini ditempat saya. Setelah saya riset prakiraan hanyala tipuan belaka.",Negatif
Berguna sekali.,Positif
kurang akurat,Negatif
good,Positif
sangat akurat,Positif
"prakiraan cuacanya update doong, update. Prediksi berawan, tau tau hujan lebat",Negatif
"Gak ada akurat2nya ini aplikasi, kadang malu juga Makai aplikasi nihh, namanya aja yg mantab tapi hasilnya parah. berbenah lah lagi secepatnya.. seperti aplikasi tak bertuan😓",Negatif
SAMSUNG GALAXY j4,Netral
Sangat canggih,Positif
"Dapat informasi gempa bumi cepat dan akurat, mantab.",Positif
"Tolong dong berita gempa itu di update secepatnya, Di google itu gempa udah ada updatenya tapi di bmkg nggak ada di update jg.",Negatif
04 September 2025 Barusan ada gempa beberapa menit yg lalu tapi dari BMKG belum ada penjelasannya.,Negatif
gak realtime ngasih tau info gempa nya,Negatif
bagus aplikasinya,Positif
ok,Positif
"untuk notifikasi klo ada gempa kenapa lambat bgt,. semisal ada gempa jam 8 notif y baru muncul sejam setelah nya... parah bgt..",Negatif
mantap,Positif
"tidak akurat katanya cerah berawan gak taunya hujan bikin rugi hasil panen akhirnya banyak yg rusak,",Negatif
kesini cuma karena ada vtuber shinna di akun tiktok stasiun Geofisika Gowa,Netral
"Usahakan kalau bikin aplikasi yang bisa di gunakan di hp ram besar dan ram kecil,usahakan aplikasi bisa di gunakan di andrid versi 4kitkat.sekian dan terimakasih.",Negatif
"ga akurat untuk cuacanya, bahkan sangat sangat ga akurat, diprediksi hujan malah terang, terang malah hujan. klo ada hujan prediksi langsung dirubah, smua orang jga bsa klo seperti itu mh.",Negatif
"lokasi cuaca tidak bisa di atur, selalu hanya di gunung sahari",Negatif
sangat membantu,Positif
Tanggal 18 Agustus 2025 pukul 06.39 aplikasi BMKG error. Aplikasi INFO BMKG Tidak memiliki informasi tentang Vulkanologi. Informasi Vulkanologi itu kan ranahnya BMKG. Kedepannya info BMKG menambahkan Info aktivitas Vulkanik supaya pendaki atau orang yang beraktifitas dekat dengan vulkano tahu indikasi bahaya atau tidak nya.,Negatif
"sangat bermanfaat,",Positif
"aplikasi udah Bagus, tapi saya ingin request ada mode gelap di aplikasi ini terimakasih 🙏🏻",Netral
Halo! Bisakah saya mendapatkan info selengkapnya tentang ini?,Netral
aplikasi buatan pemerintah yang paling worth it 😍 semangat terus buat developernya 🫰,Positif
"gabisa menampilkan lokasi terkini yg akurat, serta pemberitahuan bencana nya telat terus.",Negatif
"Radar cuaca mati,min!!",Negatif
Sangat Akurat dan Cepat Dalam Memberikan informasi tentang Cuaca.,Positif
udah jauh jauh lebih baik tapi sekarang ada bug uv index tidak bisa ditampilkan dan saya harap bisa zoom in gambar peta peringatan cuacanya. karena terlalu kecil untuk dilihat. + fitur radarnya ga berfungsi,Negatif
"biasanya pemberitahuannya lambat banget biasa jga gak ada pdhl jelas"" di sini ada gempa",Negatif
aplikasinya gabisa dibuka👎,Positif
gempa di jakarta notifikasi 1 jam setelah kejadian..... bagaimana ini,Negatif
kenapa punya ku jadi hitam doang. ga nongol aplikasinya?,Negatif
knpa hbis di update apknya jdi item doang layarnya kek loding mulu mana lama😕,Negatif
"Masih kurang akurat, gempa udh terjadi, 30 menit kemudian notifnya baru muncul",Negatif
BMKG Sangat berguna untuk Impo gempa bumi,Positif
bagus,Positif
"tambahkan opsi pengaturan utk notifikasi. cthnya sprti apakah notifikasi utk cuaca / gempa, lalu bisa di filter jarak dari titik, minimal amplitudo, dan lainnya. nah nanti advance nya notifikasi berbentuk voice text to speech.nggak usah pakai fitur voice search segala, pasti yg pakai dikit.",Positif
bagus sekali,Positif
min bisa gak di atur tampilan terang dan gelap biar mata gak silau terimakasih 🙏,Netral
Sangat Bermanfaat Info Real Time,Positif
bagussss,Positif
lambat,Negatif
"aplikasi sama kejadian beda jauh. selisih sekitar 30,menit.",Negatif
"sekarang aplikasinya kurang uptudate, ada gempa / hujan setelah 10menit lebih baru di infoin 🙈🙈🙈 kurang akurat",Negatif
mengapa saat terjadi gempa hari ini tidak ada peringatan.,Negatif
ga bisa dibuka SDH install,Negatif
sebenarnya aplikasi ini bagus dalam memberikan informasi bencana alam mau pun kondisi alam hanya ketepatannya perlu diperbaiki lagi termasuk navigasi dan lokasi,Netral
notifnya lama. ud rame beredar gempa bRu stngah jam kdang Berjam2 Bru muncul tlong perbaiki sistemnya kaya djepang notif cepet KL ad apa²,Negatif
lemoott,Negatif
"apaan aplikasi g ngerti deh in, ad gempa tp notifikasi g ad",Negatif
sangat tepat,Positif
"tolong kalau ada kejadian gempa kabarin secepatnya ini udah setengah jam gempa Bekasi belum ada alarem kalau gempa potensi tsunami bisa mati di seret air,,tolong",Negatif
"informasi mengenai gempa sangat telat, sudah 4 menit sejak gempa belum ada informasi apapun. sangat lambat. harus buka google dulu baru dapat info",Negatif
Gempa jam 20.00.Tgl.20 Agustus 2025.Lokasi Bekasi kedalaman 10 km.APP TIDAK BERGUNA.WAJIB DI UNINSTAL DAN DI HAPUS DARI PLAY STORE !!!,Negatif
malu lah punya negara kok g akurat,Negatif
"kenapa jadi tidak bisa di buka ya, layar nya menjadi hitam",Negatif
barusan ada gempa. apk ini tidak ngasih info ap2.,Negatif
"gak cepat update kejadian,gak ada alarm pencegahan dini",Negatif
"heran kok gabisa set lokasi secara akurat, mana melenceng jauh",Negatif
kurang real-time.. 5- 10 menit baru ad notif,Negatif
telat ga update,Negatif
ga akurat,Negatif
"usahakan kalau bikin aplikasi ukuran mb jangan besar-besar,usahakan bisa di gunakan di hp ram kecil,usahakan jangan nglek,lemot,usahakan bisa di gunakan di android versi 5 lolipop dan versi 4 kitkat.",Negatif
"Radar cuaca tidak bisa dilihat. Semuanya terlihat polos, tidak ada citra radar cuaca apapun di semua lokasi",Negatif
tanggal 19 Agustus tampilan radar tidak bisa terlihat posisi daerah yang hujan,Negatif
Sangat membantu,Positif
bagus,Positif
Sebenarnya bagus tp akhir2 ini buat buka. Info cuaca... Radar.. Selalu eror dan tdk muncul awan.. Mohon atensinya di perbaiki..!!,Negatif
aplikasinya error. tidak bisa tampilkan data radar. data radar kosong. hp yang di pakai saat ini samsung galaxy m62. mohon diperbaiki. supaya data radar muncul di aplikasi.,Negatif
BMKG sdh mulai tdk akurat. daerah jakarta barat panas cerah dibilang hujan ringan. tolong diprediksi lebih akurat. masa kalah dgn aplikasi lain. yg akurat.,Negatif
untuk aplikasi bmkg bagus cuman saran tambahin widget dong,Netral
udh 2hari radarnya gak muncul citra ujannya anjir cma muncul peta doang 😑,Negatif
"selalu update,, 👍",Positif
"Akurat, cukup lengkap, dan simple, hanya saja sangat disayangkan tidak ada widgetnya",Positif
Bintang 5 (⭐⭐⭐⭐⭐),Positif
tolong benerin radar cuaca sedang bermasalah,Negatif
"lokaskmya stuck di gunung sahari selatan terus,berkali kali atur lokasi,bahkan diketik,tetap lokasi awal lagi, ga akuratlah sama daerah gempanya,saya di padang,kenapa lokasi di jakarta terus",Negatif
Setiap masuk. Selalu saja update lokasi.,Negatif
ini kenapa lokasinya gunung sahari terus deh? kapan update buat perbaikannya min? soalnya mau cek cuaca dan info gempa jadinya susah,Negatif
mantap,Positif
"mantap ,ok.",Positif
terimakasih,Positif
lumayan lah,Positif
"Setelah saya update ke versi 3.4.6 malah aplikasi eror tidak dapat dibuka, mohon diperbaiki updatenya & ditunggu update selanjutnya 🙏",Negatif
masa cuaca di Pangandaran Jawa Barat hujan di peta maps tidak hujan aneh coba di perbarui lagi kondisi terkini,Negatif
"BMKG ga jelas, memprediksi ga akurat , kinerja nya jelek, dimana dimana BMKG bisa cari cara untuk cuacanya gimana supaya ga hujan terus",Negatif
munculnya bunyi dia dong,Negatif
"tolong buatkan suara notifikasi apknya, supaya orang langsung tahu notif gempa secara real-time!!!",Negatif
Sebenarnya Aplikasi ini sangat bagus dan akurat tapi kelemahan nya ada 2; 1. saat masuk harus masukkan lokasi lagi 2. gak ada widget nya seperti aplikasi cuaca yang lain,Netral
assalamualaikum min tolong membaik gak bisa melihat gambar tolong buka gambar error,Negatif
"aku baru install tp kenapa tidak bisa di buka? dulu pernah install tp layarnya hitam semua,tidak bisa di akses....",Negatif
baik,Positif
kurang akurat,Negatif
"maaf aplikasinya tidak akurat, padahal gps sudah aktif tapi tidak bisa mendeteksi lokasi dengan tepat",Negatif
"gk jelas, lokasi di lock gunung sahari. bukan lokasi asliku",Negatif
"min tolong perbaiki lokasinya, saya udah setting ke gps tetep aj lokasinya di Gunung Sahari Selatan",Negatif
Sangat membantu dan bermanfaat,Positif
karna pengen liat situasi trusunami,Positif
"Aplikasi bermanfaat, terima kasih BMKG",Positif
"aplikasi sdh bagus tp sayangnya ga realtime, gempa terjadi jam 14 tp infonya baru muncul jam 16",Negatif
"saat aplikasi dibuka, layar hp saya malah hitam.... tidak menampilkan apa apa",Negatif
bagus,Positif
lumayan bsa tau smua keadaan sekitar kita,Positif
dapat info peringatan dini tsunami jam 08.24 sedangkan kejadian gempa jam 06.24 buset 2 jam baru datang infonya,Negatif
gaknbisa di bukak di aku,Negatif
info selalu up to date,Positif
kok GK bisa di buka aplikasi nya,Negatif
saya kasi bintang 4,Positif
"di daerah sayatelah terjadi gempa,tapi info dari BMKG sangat lambat,sudah 30 menit berlalu dariterjadi gempa,masih belum ada info dari BMKG,sangat mengecewakan,bagaimana jika terjadi gempa lebih dasyat dan tsunami,aplikasi BMKG ini telat menyampaikan peringatan gempa,sangat tidak bermanfaat,percuma di download,kalau info peringatan dari aplikasi BMKG ini telat,orang orang sudah terkena musibah duluan,baru ada info gempa,sangat mengecewakan.",Negatif
membantu mengetahui cuaca,Positif
mantap,Positif
"aplikasi gk akurat, katanya cerah, tapi faktanya hujan tu",Negatif
"untuk aplikasi ini udah bagus tapi sayangnya untuk notifikasi gempa sangat lambat, sudah selesai gempa perlu waktu beberapa menit baru muncul mohon Untuk sistem diperbarui dengan baik",Netral
baik,Positif
Aplikasi Early Warning terbaik👌👌,Positif
bagus,Positif
bad,Negatif
ok,Positif
Apakah tidak bisa dijadikan widget?,Netral
app bagus cuma tampilan ke jadul BNR buat lebih hd lagi kak,Negatif
bagus lah,Positif
Terima kasih BMKG sudah disediakan informasi kwalitas udara .,Positif
tolong lebih di tingkatkan lagi ke akuratan nya dalam meprediksi hujan,Negatif
aplikasi ini sangat membantu kami terhadap informasi cuaca dan kejadian kejadian alam terkini terimakasih,Positif
"setelah diupdate apknya tidak bisa dibuka, hanya layar gelap",Negatif
Ok,Positif
tolong update aplikasi BMKG layarnya error,Negatif
tidak akurat,Negatif
"setelah update tidak bisa keluar aplikasi,harus tekan home dulu..mohon diperbaiki",Negatif
sangat membantu,Positif
Hmm gitulah...,Netral
Bagus,Positif
"bagus kok, cman kalo sinyal ga bener""stabil agak susah ceknya.",Netral
dapat informasi tapi aplikasinya susah dibuka untuk melihat detail infonya,Negatif
"aplikasinya dibukanya susah dan sangat lambat, juga informasi notifnya sangat lambat bahkan info yg sama bisa berkali kali",Negatif
Good.,Positif
Aplikasinya sangat bagus dan akurat.,Positif
OK,Positif
salah ngasih info,Negatif
"perkiraan cuaca nya sering gak akurat, apalagi saya sering menemukan tampilan cuaca saat ini sangat beda dengan semestinya, yang tertera di bmkg hujan ringan dengan suhu 29⁰ sedang kan kondisi terkini yang benar adalah cerah dengan suhu 32⁰. padahal saya sudah memasukan posisi kota yang benar 🗿🗿🗿",Negatif
kok g bisa buka bmkg nya,Negatif
aplikasinya lelet,Negatif
"aplikasi yang sangat tidak akurat, hapus saja aplikasi ini, sangat menipu",Negatif
"Aplikasi nya sangat bagus, Semoga kedepannya lebih canggih dan lebih sangat membantu orang banyak untuk semua informasi nya, dan sukses selalu BMKG",Positif
👍👍👍,Positif
sangat bagus,Positif
kenapa di buka nge blank sih,Negatif
sangat membantu sekali.,Positif
"Aplikasi sampah, semenjak diupdate yang muncul daerah Gunung Sahari Selatan terus, sudah nyalakan GPS juga masih tetap aja sama, masa iya saya setiap kali mau lihat prakiraan cuaca di tempat saya tinggal harus pilih wilayah dahulu secara manual, saya berikan masukan sudah lebih dari satu bulan lalu, tapi tidak ada respon dari pihak pengembang, terus kerja kalian apa, kalian digaji Pemerintah, uang dari pajak rakyat, masa ngurus aplikasi begini aja kalian gak bisa?",Negatif
"Jujur apknya masi jelek contohnya seperti peringatan gempa yang masi lambat, walaupun daerahnya ga gempa tapi tetap dapet notifikasi, peringatan cuaca ekstrim yang kadang muncul kadang tidak padahal kondisi hujan deras. Pake cell broadcast system aja gausa pake apk segala. Kek jaman bahulak aja masi pake apk, negara lain contohnya tetangga kita Thailand aja udah pake Cell Broadcast System bukan aplikasi.",Negatif
"Tolong diperbaiki lagi perihal lokasi GPS-nya, lokasi tidak akurat.",Negatif
mohon tambahkan widget cuaca agar memudahkan untuk lihat info terkini daripada harus buka tutup aplikasi,Negatif
Ok,Positif
ok,Positif
"Lokasinya ga akurat, harus ganti lokasi manual buat cek laporan cuaca",Negatif
"hanya bisa memprediksi, dan memberitahukan kalau sudah kejadian gempa. anak kecil di lokasi gempa juga bisa menyampaikan gempa baru saja terjadi dan dia rasakan. INSTANSI PALING TIDAK BERGUNA. sia sia pajak yg di bayar untuk mereka yang bekerja hanya SPRTI itu. tidak ada Guna nya",Negatif
biasa,Netral
sangat akurat,Positif
"sorry to say saya harus mengatakan aplikasi nya nggak akurat untuk bagian prakiraan cuaca. peringatan dini di kabupaten bogor bukan nya masuk ke peta peringatan dini Jabodetabek malah dimasukan ke peringatan Dini Jawa barat, sedangkan di peta peringatan dini jawa barat tidak memasukan peta Bogor depok dan bekasi. Begitu pula saat memasukan lokasi di kabupaten Bekasi tidak memasukan Peta ke dalam Peringatan Dini Jabodetabek akan tetapi malah masuk peringatan Dini Jawa Barat.",Negatif
tidak akurat sama sekali,Negatif
👍tepat,Positif
hebat,Positif
akurasinya bagus,Positif
sangat cocok,Positif
"bisa membantu cuaca di laut,,jadi saya bisa mengetahui cuaca laut",Positif
"Aplikasi BMKG ini sangat membantu, terimakasih",Positif
sangat baik,Positif
josss mantap,Positif
"tidak akurat sama sekali 😕 aplikasi seperti ini harusnya sangat berguna bagi para petani. yang harusnya kami gunakan untuk memantau cuaca selama seharian full untuk menjemur hasil tani malah tidak berfungsi kami lihat di aplikasi cerah, kami segera menjemur hasil tani kami tapi kenyataannya hujan turun dengan deras dan tidak sempat mengangkat hasil tani kami dengan cepat",Negatif
"kurang update real time nya, ada gempa sekitar 10 menit baru update di app nya",Negatif
"cuaca di bmkg dengan realitanya berbanding terbalik, di bmkg hujan , aslinya cerah cuacanya, haduh parah",Negatif
untuk lokasinya kenapa ga bisa diganti ya.. selalu Gunung sahari selatan 🥲,Negatif
sangat bermanfaat,Positif
"telat mulu ngasih info nyaa,!!",Negatif
lebih bagus kalo ada widget,Netral
"untuk pemakaian di pulau sumatra setelah pembaruan lokasi tidak akurat, tidak otomatis, perkiraan cuaca juga tidak akurat",Negatif
mantap,Positif
sangat bermanfaat,Positif
"udah dri dlu aku pke aplikasi ini, tp kenapa sekrang tiba2 ngga bisa ke buka ya",Negatif
sudah tahun 2025 masih saja belum menyediakan widget !,Negatif
Cuacanya gak bisa tepat waktu & akurat,Negatif
Mantap,Positif
"Walaupun gps sudah aktif, lokasinya tetap Gunung Sahari",Negatif
"tidak bisa pasang lokasi, terkunci di Jakarta",Negatif
"untuk data yg diberikan sudah lumayan komplit, tapi aplikasi ini sering gangguan. Mohon untuk tim developer BMKG untuk dikembangkan lagi aplikasinya.",Negatif
ko ga bisa masuk,Negatif
"Sangat membantu dan akurat. hanya saja sesudah update yg terakhir kali, aplikasinya error. sering tertutup saat baru saja dibuka. Mohon bantuannya",Negatif
bagus,Positif
Amazing,Positif
gk prnh akurat sma akli🤣😅😂,Negatif
sangat membantu,Positif
"Apknya bguss sklii,,akurat sklii untuk wilayah seluruh Indonesia☁️",Positif
versi Update malah error,Negatif
sangat bermanfaat,Negatif
"diupdate apkikasinya malah tambah kacau. semua harus manual, tidak terdeteksi lokasi secara otomatis. ribet amat. Diupdate bukannya lbh baik malah lbh hancur. MAU LIHAT CUACA MARITIM TIDAK BISA PILIH LOKASI!!!!! MASA OTOMATIS GUNUNG SAHARI?????? DIUPDATE HARUSNYA LEBIH BAIK, INI MALAH JELEEEEKKKKKKKK!!!!!!",Negatif
"aplikasi cacat, ga bisa dibuka",Negatif
ok,Positif
baik,Positif
"ini ngape layar nya blank(item) gini semenjak apdet, ki pie we deng",Negatif
semoga bermanfaat.,Positif
"tolong kakak aplikasinya ngebug,saat scroll kliatan patah patah angka metrik atau coding setelah pembaharuan kemarin",Negatif
bagus sangat membantu tapi masih ada kekurangan ya itu radar cuaca dan citra satelit masih ada bug eror kadang mohon di perbaiki,Negatif
"kocak kaga ada Widget. notifikasi ribet banget, puanjang banget risih banget lihat nya",Negatif
"Setelah upgrade skarang jadi APK gagal, sekelas pentium 1 sangat lelet, susah masuknya..Gak berfungsi blas..",Negatif
"Aplikasi bagus dan bisa membantu inf ttg kejadian gempa di sekitar kita ,",Positif
kurang tepat dan kurang akurat untuk berita cuaca nya,Negatif
"kalau yg ini saya percaya cuacanya semuanya yg ada di bmkg sudah lengkap, normal,dan bagus gambarnya dan saya akan kasih bintangnya 5 saja dan terima kasih atas bantuannya ya",Positif
"Kenapa aplikasi pemerintah lainnya tidak meniru aplikasi ini, mudah, ringan dan informatif. Lainnya mau aplikasi bumn dan pemerintah seringnya kebalikannya",Positif
"aplikasinya bagus, tapi saat ganti lokasi sesuai pilihan koq jadi ke lokasi gunung sahari terus?. tolong di perbaiki aplikasinya🙏",Negatif
Bagus. cukup membantu liat cuaca saat ini memperkirakan yang akan datang.,Positif
Bagus,Positif
"sangat membantu utk mengetahui Info kebencana,khususnya kami ada di atas sesar gempa utk mengetahui info gempa.....",Positif
"Halo Mimin. Ini mau sampai kapan ya lokasinya terdeteksi di Gunung Sahari Selatan? Mohon bisa diperbaiki ya sistemnya. Sy sudah coba berkali-kali untuk menyesuaikan dgn lokasi sebenarnya, sudah menggunakan GPS juga, dan tetap sj yg muncul Gunung Sahari Selatan. Dan satu lagi, informasi gempa juga terkesan lambat ter-update nya. Masa harus menunggu hampir 1 jam? Mohon kedepannya bisa lebih ditingkatkan kembali kualitas aplikasinya. Terima kasih.",Negatif
Jos,Positif
sangat akurat,Positif
kenapa pada saat buka aplikasinya kadang2 error ya?? layar blank,Negatif
baik,Positif
"Ini aplikasi benar benar akurat. Bisa menyampaikan terjadinya gempa didaerah mana dengan detail, menyampaikan tentang cuaca yang menurutku 90 - 95% akurat. Tidak salah saya menginstal aplikasi ini. Saya kasih Bintang 5 !!!",Positif
baik skl,Positif
bagus dan up date,Positif
"Tombol kembali/keluar tidak berfungsi, Tolong segera diperbaiki",Negatif
"sejak di update malah gak akurat,cuaca cerah malah di bilang mendung, hari hujan malah cerah berawan",Negatif
sangat bagus,Positif
memang sangat d perlukan tp pastikan BMKG harus selalu akurat.,Positif
membantu mengetahui keadaan cuaca,Positif
Good,Positif
membantu sekali,Positif
cukup membantu,Positif
trimah Kaseh atas partisipasi nya,Netral
sangat mudah digunakan,Positif
Aplikasi ini sangat membantu,Positif
"sangat membantu sekali utk mengetahui cuaca saat itu,jadi lebih tahu situasa kl mau bepergian🙏",Positif
sebenere sangat membantu melihat cuaca tp setelah update 1 minggu (16-5-2025) yg lalu sampai skrg malah gk bs dibuka cm ngeblank hitam,Negatif
tolong apknya di perbaiki lagi masak setelah di upgrate saat di buka gambarnya eror kotak kotak berkedip sebenarnya apknya bagus cuma ya itu setelah di upgrate malah eror tolong di perbaiki lagi,Negatif
bagus,Positif
"bagus sih,sayangnya aplikasi GK bisa dibuka dan notifikasi masuk bbrp menit setelah gempa .jd brasa was2 klo kejadian ditempat kita tinggal karna lama updatenya ,dibuka GK bisa ngblank",Negatif
Informasinya cepat tersampaikan dengan adanya notifikasi ini,Positif
aplikasinya gak bisa dibuka mas,Negatif
Saya suka aplikasi ini 😊,Positif
abis di update malah radar nya ga bs dibuka. gmn sih?,Negatif
bagus tapi gak falit masih bagus apps lainya,Negatif
sangat membantu,Positif
mantap,Positif
membantu dalam perjalanan,Positif
BMKG emang top sangat membantu untuk keselamatan masyarakat luas umumnya seluruh Indonesia trimakasih BMKG semoga yang kerja sehat semuanya,Positif
sangat cocok untuk bagi nelayan,Positif
sekarang jarang titik gempa diukur dari gunung sahari buian dari titik kita berada,Negatif
sangat membantu. semoga kedepan lebih baik lagi 👍,Positif
oke lah,Positif
"bagus aplikasi nya, tapi sayangnya saat buka apknya lokasinya berbeda dengan tempat tinggal saya. lokasi di bekasi tapi yang di tertera di apk di jakarta, udh diganti tetap aja tidak bisa pdhl sudah menyalakan GPS di hp😮‍💨",Negatif
sangat baik,Positif
BMKG hebat,Positif
saya melihat suhunya desa setempat,Netral
good,Positif
mantap,Positif
"sangat berguna bagi saya dalam kegiatan pertanian, terimakasih",Positif
mantap Kakak,Positif
mantap,Positif
apk nya minta update terus... ngabisin kuota aj🤦🏻🤦🏻🤦🏻,Negatif
"lokasi nya tdk bisa diperbarui...walaupun disetting tetap aja gk berubah dari ""Gunung Sahari Selatan"" TOLONG DiPerbaiki!!!!!!",Negatif
"prakiraan cuacanya lebih baik dari prakiraan cuaca bawaan dari hp,dan untuk tampilan radar aeannya lebih baik lagi",Positif
infonya up-to-date,Positif
terima kasih,Positif
sangat membantu,Positif
Aplikasi sangat membantu.untuk mempercepat berita apa lagi tentang gempa.pokoknya saya salut Aplikasih in sangat mendukung.,Positif
suka informasi,Positif
terimakasih atas perbaikannya,Positif
keren,Positif
Perkiraan Cuaca oke banget,Positif
setelah diperbaharui malah tidak bisa di buka,Negatif
puas,Positif
Infonya sering tidak sesuai. Prediksi tidak akurat.,Negatif
semonggah bermanfaaat dan berfungsi dengan tepat waktuk sebelum kejadian terjadi.,Negatif
sangat bagus untuk kami bisa melihat daerah mana yang sedang di landa gempa.,Positif
sangat membatu informasi cuaca,Positif
Valid.. kerennn....,Positif
banyak bug,Negatif
mantap,Positif
"Lokasi tidak bisa diubah ke lokasi terkini selalu muncul di Gunung Sahari Selatan, EWS Gunung Sahari Selatan buat apa orang kita di Daerah.",Negatif
🦥,Netral
perkembangan cuaca dan pantau kebencanaan,Positif
apl buat petani jos pkoknya,Positif
"Sayang gak ada widgets-nya, padahal penting banget untuk menampilkan info cuaca tanpa harus buka aplikasi setiap saat",Negatif
Kenapa info kualitas udara di wilayah NTT tida ada yah?.,Negatif
oke bos,Positif
setelah di update malah g bisa di buka,Negatif
bagusss,Positif
mantap,Positif
Aplikasi yg.sangat membantu saya sebagai Lansia untuk mengantisipasi buat Kesehatan harian saya...Terimakasih.🤝👃👍...,Positif
setelah up date jelek bangetttttttt,Negatif
sangat membantu dapat informasi,Positif
bagus,Positif
ok,Positif
aplikasimu ngeglitch king... perbaiki segera,Negatif
cukup baik,Positif
Ok lumayan untuk mengetahui prakiraan cuaca saat ini.,Positif
sangat bermanfaat dan info akurat,Positif
notif gempa nya telat,Negatif
akurat,Positif
terimahkasih,Positif
aplikasinya bagus tingkat akurasinya juga tinggi cocoklah pokoknya...,Positif
ok,Positif
bagus membantu memantau cuaca,Positif
ok,Positif
ok,Positif
ok,Positif
Sering kiriman data terlambat,Negatif
99℅ akurat,Positif
kadang kurang tepat predikainya,Negatif
sangat mendukung,Positif
aplikasi ini bagus.,Positif
aplikasi ini sangat membantu sekali 🅚🅔🅡🅔🅝,Positif
data nya lengkap banget 💯💯💯💯,Positif
"aplikasi yang bagus, dan akurat👌😍",Positif
trmakasih sudah maembantu kami para plaut,Positif
"Tk,s.",Positif
akurasinya mantap,Positif
ok bagus sekali,Positif
oke,Positif
"Sangat berguna , Terima kasih.",Positif
best👍,Positif
"saya sangat terbantu, dengan informasi BMKG ,",Positif
kekurangannya belum bisa widget buat di taruh di home screen,Negatif
untuk akurasi sangat baik tapi sayang belum ada widget,Negatif
prakiraan waktu akurat,Positif
bagus,Positif
lumayan,Positif
perkiraan cuaca akurat saran kalau bisa perkiraan cuaca ada opsi per kecamatan,Netral
"aplikasi bagus dan keren sebagai petani saya wajib memiliki aplikasi ini jadi tau prediksi hujan seminggu kedepan,dan ini sangat akurat sekalj",Positif
kenapa setelah di update aplikasi nya eror,Negatif
"Jangan dibikin minta update terus donk min, ga enak tiap buka aplikasi muncul pop up update aplikasi terus",Negatif
Top,Positif
sangat membantu sekali,Positif
oke,Positif
ok,Positif
kurang akurat,Negatif
ok,Positif
engga akurat,Negatif
Ukuran data kurang diperkecil,Negatif
buka aplikasinya agak lama..,Negatif
terbaik,Positif
Titik lokasi ga sesuai,Negatif
Sangat berguna,Positif
moga makin baguss aplikasi nya,Positif
sangat membantu bagi masyarakat,Positif
"knpa lokasi saya tidak singkron ya min, lokasi saya Padang sumbar, knpa di APK jd gunung Sahari, pdahk udah di singkronkan pke GPS, trus info gempanya jg beda daerah, gempa di Sumbar, tp di apk Sumsel.. tolong cepat di perbaiki min, masak lbih akurat akun bmkg daerah yg di FB dri pada APK nya langsung🥲🥲",Negatif
"aplikasinya membantu bgt, tapi ini kenapa lokasinya nge bug yaa?? dan pas lokasinya udah diganti malah gabisaa",Negatif
apk nya mantap 👍👍👍👍,Positif
"Saya bandingkan beberapa aplikasi yang memprediksi cuaca, ternyata Aplikasi Info BMKG ini yang paling akurat.",Positif
aplikasi yang berguna,Positif
mantap,Positif
"min kenapa lokasi saya jauh banget saya ada di cisaat sukabumi, lokasi nya gunung sahari jakarta sudah di rubah pun tetep gak bisa, tolong bantuannya min, klo sudah ada jawaban dan lokasi berhasil saya perbarui saya rubah bintang nya terima kasih 🙏",Negatif
Alhamdulillah akhirnya ⚓,Positif
"manfaat untuk mengetahui cuaca di indonesia dan wilayah lokasi dan desa tempat tinggal.. semoga riel,",Positif
bug. lokasi tidak akurat padahal saya di semarang tapi lokasi GPS di aplikasi ada di gunung sahari,Negatif
oke,Positif
terimakasih banyak 👍👍👍👍👍👍👍,Positif
"Aplikasi nya bagus sangat membantu ketika ada gempa dikasih notifikasi saat terjadi gempa, akan lebih baik lagi dikasih bunyi notifikasi di hp seperti bunyi alarm peringatan saat terjadi gempa atau tsunami, Supaya nanti tahu dan waspadah kalau akan terjadi gempa atau tsunami.",Positif
info gempa nya keluar setelah 1 jam kejadian gempa,Negatif
the best,Positif
sangat berguna semoga kedepannya lebih canggih,Positif
sangat bagus,Positif
smart jelas,Positif
masa iya gempa hampir tiap hari,Negatif
Tolong lebih Di tingkatkan lagi akurasinya,Negatif
"lokasi GPS error, terdeteksi di gunung sahari yang entah di mana. lokasi ke tempat kejadian gempa dimanapun wilayahnya berjarak puluhan ribu kilometer",Negatif
"sangat bagus, ada tetapi cek mikropon agak diperbaiki atau tadinya gitu",Positif
kurang akurat lokasinya.nggak auto detection.padahal di hp dah dinyalakan,Negatif
kurang akurat,Negatif
"Notif gempanya setelah gempanya selesai, tolong BMKG untuk informasi gempa itu diusahakan lebih cepat... Belajar dari negara lain seperti jepang",Negatif
"lokasi tidak sesuai,info cuaca cm di jabodetabek",Negatif
"mungkin harus kirim laporan bug ke pihak MI 🤭 notifikasi peringatan dini cuaca sampai sampai sistem keamanan di hp xiaomi/MI mendeteksi sebagai bug. pdhl udah jelas tertulis prakiraan cuaca untuk 7 hari kedepan tapi notifikasinya tiap 2 jam sekali. coba kasih notifikasi yg lebih akurat,sukur² lebih dari 50% tingkat akurasinya. meskipun cuma prakiraan cuaca tapi ya jangan kira-kira dong",Negatif
"Mohon tambahkan sistem peringatan sebelum gempa bumi seperti Jepang, bagi yang terdampak",Negatif
prediksi cuaca yang akurat dan memuaskan,Positif
improve,Positif
nice,Positif
diharapkan bmkg selalu akurat dalam memberikan laporan gempa krn saya berada di daerah rawan gempa dan sunami. dan segera melaporkan pusat gempa agar penduduk disekitar gempa dapat antisipasi jika harus mengungsi,Netral
bagus,Positif
"sangat membantu dalam upaya monitoring cuaca dan kondisi di suatu wilayah, hasil yang sangat memuaskan. Terimakasih saya ucapkan kepada BMKG dan jajarannya 🙏",Positif
"Tidak Up to date, Telat",Negatif
tolong tambahin widget,Negatif
ok..yes,Positif
saya sudah mengganti lokasi tapi yang muncul tetap gunung Sahari Selatan,Negatif
payah jauh dari prediksi soal cuaca,Negatif
"Posisi selalu di gunung Sahari padahal lokasi kami di Jawa Timur, diatur pakai gps maupun manual juga tidak bisa. di Android ada menu kegawat kedaruratan dan peringatan dini kenapa gak kerjasama dengan google saja untuk hal ini",Negatif
"aplikasinya semakin tidak benar, yg lalu aplikasinya lebih bagus dari yg sekarang. kalo yg sekarang lokasi desanya harus ganti manual tiap kali buka aplikasinya.",Negatif
"lokasi tidak bisa, sudah pakai GPS dan ketik manual lokasinya tidak berubah tetap lokasi gunung sahari",Negatif
"kurang lengkap infomasi lokasi gempa, tolong tambah info provinsinya. minta toloooong baget!! deh",Negatif
sangat bagus dan menolong. terima kasih BMKG lndonesia 🙏,Positif
"berita informasi tidak selalu di-update, aplikasi macam apa",Negatif
"Ketika menyampaikan informasi tolong tempat kejadian disertakan nama provinsi, kadang tidak tau daerah yang disebut di provinsi mana ,,,,?",Netral
lebih cepat lagi infomasi biar kalo ada bencana semua masyarakat tetap waktu selamatkan diri,Netral
"Masukan buat developer untuk notif gempa, tolong bisa dibuat filter berdasarkan jarak. Jadi kami tidak binggung dengan banyaknya notif (jarak gempa yg jauh). Jadi kami bisa lebih aware dengan gempa di lokasi yang dekat.",Netral
tercepat dan akurat,Positif
"untuk gps tidak berfungsi, lokasi saya di Sukabumi tapi laporan cuaca di gunung Sahari Jakarta. tolong diperbaiki",Negatif
bagus,Positif
"laporan cuacanya bagus dan cukup akurat,cuma pelacak lokasinya itu loh yang benar-benar buruk!",Netral
Kenapa lama-lama notifikasi gak muncul?,Negatif
Kenapa versi baru untuk lokasi bukan lokasi terkini melainkan dilokasi Gunung Sahari Selatan 👎👎,Negatif
the best apk👍,Positif
aplikasinya saya hapus lagi gak berguna prediksi cuacanya meleset semua capek dikasih harapan palsu prediksi cuaca bmkg dari dulu gak akurat,Negatif
bug lokasi ga sesuai,Negatif
Mengikuti,Positif
"Aplikasi yang cukup lengkap. Semoga makin diimprove tapi ada beberapa improvement yang bisa: - update peringatan dini cuaca: Di bagian paling atas coba buat untuk kecamatan tempat si user berada (kecuali user ga aktifin GPS), baru di bawahnya untuk wilayah terkait - Tolong balikin area peringatan dini cuaca Kab. Bogor ke wilayah jabodetabek. Sekarang tampilan defaultnya ke Jawa Barat, sedangkan wilayah peringatan dini Bogor masuk ke jabodetabek. Ini bikin orang Bogor ga dapet peringatan dini.",Positif
gak pernah LG dpt notifikasi gempa,Negatif
"tidak akurat, di prakiraan cuaca jam 1 hujan ternyata tidak hujan semoga keakuratan prakiraan ditingkatkan",Positif
ternyata tidak akurat di daerahku cerah tapi liat di aplikasi hujan ringan,Negatif
"Semakin parah, bayangkan suatu titik gempa yang ada di sumedang misalnya, oleh sistem dinotifikasi berjarak sekian puluh ribu km dari Gunung Sahari (kantor pusat BMKG). Begitu rendahnyakah SDM di BMKG sehingga tak mampu mengatasi Bugs semudah itu? Apakah pimpinan sekarang ini tidak tahu ya? (lebih parah jika tak mampu memperbaiki Kualitas).",Negatif
"BMKG GAK BECUS, MASALAH RADAR TIDAK BISA TERPANTAU SAJA LAMA SEKALI PERBAIKAN NYA.. TOLONG RADAR KALIMANTAN TIMUR SEGERA DI PERBAIKI.",Negatif
"informasi cuaca di Daerah Istimewa Yogyakarta masi belum sempurna, tidak ada tampilan tugu Jogja seperti daerah lain Jakarta ada tampilan Monas, tetapi di Jogja tidak ada tampilan tugu Jogja, dan juga tidak pernah ada notifikasi peringatan cuaca ekstrim.",Negatif
kemarin citra satelit GK akurat😭,Negatif
"ngakak , cuaca saat ini bahkan disekitar terang benderang sedikitpun tak ada mendung ,ehh taou disitu tercantum hujan lebat, tidaj akurat kok terus terusan , hai staf bmkg kerja dong ,jangan makan gaji buta, wkk konohaaa !! konoha",Negatif
GPS tidak akurat,Negatif
untuk mengetahui cuaca ketika bepergian,Positif
gak bisa buka gelombang air laut,Negatif
bagus👍,Positif
kenapa y BMKG skrank infonya g cepat n g akurat...d perbaiki donk k akuratan n kecepatan info gempa nya..,Negatif
prakiraan nya selalu melenceng,Negatif
"peringatan lambat,tempat saya terjadi gempa,tapi udah 50 menit,tidak ada muncul peringatan gempa,padahal gempa sangat kuat",Negatif
"setelah update lokasi gak bisa diganti, sehingga waktu info cuaca atau gempa tidak akurat lokasi real-time nya",Negatif
"tolong dibuatkan widgetnya juga, biar tambah bagus",Negatif
sistemnya tidak akurat.,Negatif
radarnya kok malah tidak bisa setelah update,Negatif
ini bagus karna bisa deteksi gempa ada dimana kayak di sulawesi📍atau dimana kayak gitu berguna banget,Positif
tolong fitur fotur yah di perbankan lagi,Negatif
Update terakhir kok nggk bisa pilih lokasi ya... Sudah coba ganti lokasi masih saja di Gunung Sahari Selatan padahal sudah ganti secara manual maupun dgn GPS,Negatif
kurang akurat,Negatif
sangat membantu sebagai Inpormasi awal update perkiraan cuaca,Positif
"lokasi uda di setting, tapi tetap ketika buka aplikasi pasti menunjuk lokasi di gunung sahari selatan, jd posisi gempa juga titik jaraknya diukur dari gunung sahari selatan.....aneh",Negatif
kurang akurat,Negatif
udh di donload tpi gk bsa dibuka,Negatif
siiiipppp,Negatif
Aplikasinya sangat buruk tidak layak digunakan,Positif
"lokasinya tidak bisa diganti, walaupun diganti tetep di lokasi gunung sahari",Negatif
"Ada bug,tidak bisa input daerah permanen/otomatis,kalau keluar aplikasi harus input manual lagi. Padahal sudah aktifkan GPS Edit tambahan : WOI PUKI INI BUG GAK DIBENERIN?!?",Negatif
adain versi widgetnya dongg ✌🏻✨️,Negatif
"baguss, tp sayang tdk ada prediksi pasang surut air laut",Netral
Aplikasi Mantap. Bisa lihat Live Gempa. Cocok Utk Masyarakt di daerah Rawan Tsunami terutama Jakarta 😁💕,Positif
Sangat payahhhh,Negatif
"udah diupdate malah GPSnya gak karuan, saya di jatim GPSnya di Jakarta",Negatif
Good,Positif
Biar bintang yang berbicara,
"dulu sangat membantu di radar cuaca hujan, sekrg dah ga pernah apdet",Negatif
"Setelah update terakhir, kenapa saat berada di wilayah D.I. Yogyakarta tidak bisa menampilkan cuaca dan peringatan dini cuaca di lokasi terkini saya berada? Namun, saat saya di luar D.I. Yogyakarta, aplikasi berjalan lancar sesuai semestinya.",Negatif
"perkiraan cuacanya ga akurat bgt anjir, udah berkali kali ketipu sama perkiraan cuaca🤦‍♀️🤦‍♀️😹😹",Negatif
"Kok sekarang lokasinya gak bisa dirubah, padahal udah pake gps tetap saja alamatnya gak bisa rubah, mohon diperbaiki lagi min.",Negatif
Terbaik,Positif
tau dahh ini aplikasi kayak apa updatenya lambat. sekarang gempa besok pagi baru keliatan updatenya. aplikasi yang salah atau yang updatenya. ke enakan tidur.,Negatif
"Gimana sih!?! Masa Kepulauan Riau (Batam & Tanjungpinang) tidak ditampilkan saat ini! Sedangkan provinsi lain dpt title kelurahan, informasi cuaca suhu saat ini, dan ada tampilan monumennya. Namun, BMKG melupakan bagian Kepri dan tidak ada yg diatas. Ini menjadi evaluasi pemerintah dan BMKG utk perbaikan!",Negatif
info penting,Positif
"NAMA DAERAH LOKASI GEMPA TIDAK DI TULIS DENGAN JELAS DAN AKURAT, KEDEPAN TOLONG DI PETA DI TULIS NAMA DAERAH LENGKAP",Negatif
Best,Positif
dulu masih baik sekarang jelek... berat untuk di jalankan... cr aplikasi lain aja,Negatif
Bagus...,Positif
"Akurat 100% dari Hongkong!!! di aplikasi bilang hujan, di reality di mana mana tidak hujan. BUMN sekarang gak ada yang bisa di pegang omongannya. Bukan hanya jarang, sering. Bila sering meleset apakah 100% akurat?",Negatif
Cuaca maritim H+1 selalu eror. Ilustrasi juga bagus yg lama.,Negatif
"setelah update, untuk menentukan lokasi tidak bisa, dipilih opsi apa pun tetap default ke gunung sahari, padahal sebelumnya dapat menentukan lokasi, sudah hampir sebulan ini belum ada perubahan, mohon diperbaiki lagi agar pengguna dapat memperoleh update akurat untuk wilayah yang dipilih pengguna, terima kasih",Negatif
"Tidak bisa ganti wilayah meski pake gps, selalu mengarah ke daerah gunung sari. Mohon diperbaiki",Negatif
"nyesel perbarui, malah Lokasinya gk bisa d atur, 👎",Negatif
jempol dah abis,Negatif
Aplikasi ini sangat cepat memberikan informasi tentang peringatan gempa mau pun cuaca,Positif
"Maaf bintang 1 saja dulu,krn update terakhir justru tak tampak lokasi pengguna secara otomatis.",Negatif
Sama sekali tidak akurat,Negatif
Sangat membantu,Positif
sangat bermanfaat,Positif
Ok,Positif
"Beda dgn aplikasi yg lama,,yg ini hampir gak prnh dpt notifikasi..cm sekali2 aja dpt notif gempa,pdhl hampir tiap HR ada gempa di wilayah indonesia.",Negatif
Tambah susah baca perkiraan gelombang laut Kembalikan ke model lama ya pak,Negatif
Habis update mlah ngk bisa ganti lokasi,Negatif
Bgus,Positif
"Perubahan Cuaca bukannya di update setiap saat, tapi hanya lewat pemberitahuan saja.. Kalah jauh sama Aplikasi serupa yg bisa diatur updatenya setiap saat.. Ayo maju lagi BMKG.. Jangan mau kalah sama yg free.. Wkwkwk...",Negatif
"Setela update malah semakin banyak bug. Gps tidak bisa deteksi,citra satelit pun susah untuk dibuka.",Negatif
Ini Gimana om.. lokasi ke lock Gunung Sahari... Jadi ngaco lokasi.. ganti ganti tetap patokan gunung Sahari .. tolong kembalikan posisi GPS nya yang bener..,Negatif
"Kenapa citra satelit himawari tidak muncul lagi ya, selalu loading saat dibuka, padahal sangat berguna buat saya tau arah angin membawa awan hujan, mudah2an bisa diperbaiki oleh BMKG",Negatif
Tidak terlalu akurat,Negatif
"Mohon beri tambahan ada vibration meter, agar wilayah lain dapat mengukur getaran di daerah yang belum ter-cover",Netral
"Masih ada bug. Notifikasi masuk gempa, dll, sudah tepat, tapi saat diklik aplikasi sama sekali tidak terbuka. Lokasi sudah diganti tapi tetap tidak tersimpan.",Negatif
Cukup bagus,Positif
"gps nya gunung sahari jaksel aja, pdhal bkn, dirubah enggak bs tolong diperbaiki",Negatif
"Lumayan Oke, tetapi untuk aplikasi pemerintah ini masih kurang, fitur nya ada yang error,dan map nya masih susah di lihat",Netral
Sangat bermanfaat,Positif
Bagus,Positif
Kenapa sekarang enggk bisa pilih kota di luar daerah jakarta,Negatif
"Keren bgt, bisa tau info gempa dgn cepat.",Positif
Harusnya pakai kecamatan,Netral
Bermanfaat,Positif
Oke,Positif
Bagus,Positif
Setelah update kenapa ngga bisa lock lokasi kita hanya lock Jabodetabek kan aneh,Negatif
Sama sekali tidak akurat .aplikasi GK guna,Negatif
Gabisa di buka apl nya njir,Negatif
Sangat bermanfaat apalagi sekarang cuaca dan keadaan alam gak menentu jadi bisa sebagai referensi,Positif
Cuaca Terbaik 😇,Positif
Bagus Tembuku bangli bali terbaru,Positif
"Sebenernya bagus, cuman kok gak up to date ya? Maksudnya pas ada gempa gak langsung terdeteksi, malah yang daerah jauh terdeteksi terus.",Netral
Info BMKG Mantap dan terpercaya,Positif
"Sudah bagus, cukup akurat. Klo bisa tambahkan peta map untuk prakiraan cuaca angin real-time seperti apk windy.",Positif
Datanya tidak akurat.diperkiraan cuaca hnya berawan sedangkan dilapangan sdh hujan sngt deras tapi ngga diperbarui perkiraan cuaca nya,Negatif
👍,Positif
"Sekarang kalo muncul notifikasi hanya gempa saja, gak kaya dulu ada perkiraan hujan pasti muncul notif.",Negatif
Ok,Positif
Apk nya jadi ga akurat GPSnya,Negatif
Untuk cuaca maritime kurang akurat ... Beda jauh apa yg di tunjukan ... Pada wilayah laut Jawa dari banjarmasin ke Surabaya di tampilan warna biru ( menandakan reda ) di realita ombak setinggi 2 meter,Negatif
Sangat membantu dlm kegiatan se hair2,Positif
"Tolong di perbaiki dong Admin, itu bagian lokasi di handphone saya tidak bisa pindah lokasi, semuanya hanya gunung sahari, meskipun wilayah lain bisa / dapat di klik, akan tetapi berakhirnya tetap di gunung sahari. Terima kasih Kami tunggu update terbaru nya",Negatif
"Oke sudah keren,semoga kedepannya teknologi Indonesia lebih maju dan berkembang",Positif
Wao,Positif
😃,Positif
Oke,Positif
Apaan prakiraan cuaca ga dikasih tanggal 😂,Netral
Kurang akurat,Negatif
Kenapa sekarang lokasinya selalu di gunung sahari jakarta.... diubah2 tetap saja gunung sahari... notifikasi tidak relevan dengan lokasi kita...,Negatif
"Aplikasi payah, tingkat akurasi 80% meleset saat musim hujan. Sungguh tidak berguna sama sekali. Padahal saya petani sangat mengandalkan prakiraan cuaca.",Negatif
Bagus,Positif
"Bagi lokasi yang munculnya gunung sahari, uninstall kemudian install kembali, berhasil untuk saya",Negatif
fitur lokasi tidak akurat setelah di update,Negatif
Sangat membantu dalam keseharian,Positif
Aplikasi nya bagus dan sangat membantu baik cuaca maupun bencana Alam seperti gempa.,Positif
oke,Positif
"Update terakhir kok mau buka info citra satelit jadi susah, jg menu lainnya. Awal saya kira karena kapasitas memori HP, setelah hpus beberapa aplikasi dan memori penyimpanan hasilnya kok sama. Mohon pembaharuan aplikasi ttp memperhatikan bagaimana agar semua gadged ttp bisa support, terimakasih.",Negatif
notifikasi berulang sampai 2x setelah kejadian gempa dengan jarak lebih dari 1 jam.,Netral
"muncul notifikasi,pemberitahuan izinkan mengakses lokasi.,padahal sudah di izinkan., tapi tetap pemeritahuannya tetap muncul., dan juga peta guncangan tak bisa di akses., sudah 2 hp saya coba., tetap kerusakan ini ada..,",Negatif
Sangat membantu informasi,Positif
ada bug dalam membaca keakuratan gps pada menu cuaca TOLONG SEGERA PERBAIKI!,Negatif
Bagus,Positif
"Eror terus padahal di daerahku lagi ada gempa ,malah eror terus aplikasinya...",Negatif
Lokasi tidak berfungsi,Negatif
"Bagus sangat membantu utk info cuaca sblm perjalanan dan buat antisipasi keadaan dari bencana,",Positif
"Baru instal,ngecek langsung un instal ... Ngetik daerah mau lihat cuaca perjam ternyata gak ada,ngecek prakiraan cuaca di tempatku hari ini dibilang berawan,padaha lagi ujan badai....udahlah tak kira apk pusat lebih akurat,oalahhh...",Negatif
"Apk nya ckup bagus, tpi sayang klo udah plih desa nya, ada yang gk bisa dicari, dan ada pula udah ganti lokasi, tpi desa nya itu² aja, gk bisa keganti.!!! Mohon diperbaiki lagi, karena sebelumnya udah bagus, pas sudah update malah jadi begitu 😢",Negatif
Harusnya tambahin widget biar lebih bagus,Netral
Lelet 💩,Negatif
"Sudah bagus aplikasi susuai degan cuaca di daerah saya cuman saran saya kalau bisa tambahan ""WIGET"" agar mempermudah liat cuaca atau gempa yang terjadi selain itu tidak harus membuka aplikasi",Netral
Ini loading Nya ga pakai data atau pakai data saya ga tau tolong dong kasih tau ya aku mohon ? 🤭,Netral
Sangat membantu untuk memprediksi cuaca hujan atau ke depan,Positif
"Setelah update, halaman awal dari aplikasi selalu di Gunung Sahari Selatan, padahal lokasi sudah di ubah ke Bandung. Sebelum update tidak ada masalah seperti ini.",Negatif
Membantu untuk kegiatan out door,Positif
carilah cara biar bisa memprediksi jangan nnt sdah kejadian baru muncul pemberitahuan,Negatif
Di tingkat kan lagi,Negatif
Mantap,Positif
Tolong perbaiki akurasi lokasi. Saya dimana lokasi lain entah dimana sehingga ada gempa berlokasi di rumah selalu berjarak puluhan ribu km tampilannya di layar hp,Negatif
Sangat informatif,Positif
"Udh lemot perkiraan cuaca aja salah mulu, kalo update aplikasi sekalian aja lah, skrg lokasinya aneh pdhl gps sudah akurat",Negatif
Luar biasa 👍👍👍,Positif
Bagus,Positif
بسم الله الرحمن الرخيم semoga amanah & terpercaya. Amiin,Positif
Lokasi tidak update. Input manual pun tidak bisa terupdate.,Negatif
Lokasi gps tidak sesuai,Negatif
Sangat bagus,Positif
Mantap,Positif
👍,Positif
"Sangat membantu mendapatkan informasi spesifik curah hujan dan informasi penting lainnya seperti Gempa Bumi. Untuk team pengembang aplikasi saya berharap kedepannya semakin baik , terimakasih.",Positif
Untuk wilayah Cakung timur ga akurat,Negatif
"Aplikasi ini semakin lemot, informasi gemoa terkini masa sdh 2 hari yang lalu... Coba perbaiki lagi sistem nya donk",Negatif
"Cacat njirr, di buka sulit, tampilan cuaca nggak langsung di lokasi kita, apa apaan, buat aplikasi tuh yang jelas",Negatif
semoga selalu maju,Positif
Tidak akurat,Negatif
Semenjak di update lokasi tidak sesuai sudah di setting tapi balik lagi ke jakarta,Negatif
Mantap,Positif
"ku bukan orang jabodetabek, beranda munculnya gunung sahari terus, g peduli ma cuaca jakarta yg versi seblumnya bisa otomatis detect lokasi,",Negatif
Widget widget widget widget.....,Netral
"Setelah update lokasi di beranda tidak bisa di rubah sesuai GPS, tampilannya selalu Gunung Sahari Selatan",Negatif
Good info,Positif
Update terakhir kok malah per kelurahan. Dan udah pilih lokasi sekali buka app malah jadi gunung sahari.,Negatif
"Bagaimana ini, diupgrade kok malah bermasalah. Benahi dulu, jangan asal perintah upgrade. Payah !",Negatif
Tidak dapat setting lokasi sesuai GPS. selalu kembali lagi ke Gunung sahari Jakarta. Mohon diperbaiki. Terimakasih.,Negatif
Baik,Positif
Habis pembaruan malah gakbisa update lokasi..,Negatif
"Setelah update makin lelet tiap dibuka. Lokasi kenapa selalu gunung sahari jakarta,tidak sesuai dengan setingan lokasi default yg kita pilih sendiri sebelum di update. Kembalikan tampilan apk seperti dahulu",Negatif
"Lokasi yang tertera di bagian cuaca dan gempa bumi sering berubah sendiri padahal GPS di gawai sudah dinyalakan. Meski sudah diubah lokasinya supaya sesuai, tapi lokasi yang sudah diperbaiki malah kembali ke lokasi yang salah. Hal ini bukan cuma 1-2 kali, tapi cukup sering terjadi dan ini cukup mengganggu. Selain itu, kalau ada peringatan gempa bumi sebaiknya juga dimunculkan suaranya di aplikasi, seperti di web inatews bmkg.",Negatif
"apk yang bagus untuk memperkirakan cuaca dan lainnya, Terima kasih BMKG Indonesia ku tercinta sehat selalu negriku👍",Positif
Masih banyak bug nya tolong di perbaiki,Negatif
Nama desa di PT ABC,Netral
Sangat baik,Positif
Good,Positif
"Tolong tambahkan widget, terima kasih 👍",Netral
"Pemilihan lokasi tidak akurat, alamat saya di kepulauan riau, muncul nya malah di gunung sahari selatan, cuaca lagi hujan badai 3 hari 3 malam malam munculnya cuma berawan. Diganti sesuai GPS lokasinya juga tidak bisa",Negatif
Sangat berguna untuk pra ajtivitas outdoor,Positif
Informasi selalu terlambat.,Negatif
mayan,Positif
Kok sering banget ya kesalahan prakiraan cuacanya katanya 85 persen gimana sih kok banyakan salahnya,Negatif
Admin bmkg ini aplikasinya gak bisa di rubah lokasinya udah coba pakai GPS juga gak bisa masih lokasi gunung Sahari Selatan. Padahal udah versi terbaru ini aplikasi. Mohon bisa di cek ulang sama developer aplikasinya min masa gunung Sahari Selatan terus. Memang di lokasi itu ada apa sih min?,Negatif
"Sejak diperbaharui info cuacanya tidak update. Saya di Bekasi walau masuk wilayah jabar tapi saya butuh daerah jabodetabek seperti sebelum di update. Sekarang info cuacanya daerah jabar yang jauh dari Bekasi. Bogor masih jabar tapi udah gak pernah ada lagi, sesama Bekasi juga ga ada update an cuacanya hujan atau enggak. Bagusan yang versi sebelum diperbaharui jadi kalau saya mau jalan ke daerah Jabodetabek selalu siap sedia kalau memang berpotensi hujan.",Negatif
"bagus sih ada info gempa, tp delaynya 1 jam, udah di refresh blum jg ada peringatan. ga kaya negaranya kakek SUGIONO.",Netral
aku harap operasional tim bmkg bisa updet sistem dengan cara cepet updet kalau ada gempa. atau bisa sebelum gempa ada info. jangan 5 menit setelah gempa baru updet udah ketimpa bangunan baru ada info jadinya ga bisa antisipasi. semoga kedepannya bmkg bisa,Netral
lumayanan,Positif
Setelah update gpsnya jadi ngawur ga akurat lagi. Nyasar ke daerah antah berantah tidak mau berganti ke lokasi realtime,Negatif
"SUDAH 2 MIGGU PRAKIRAANNYA SALAH, DI TEMPATKU CERAH MATAHARI PANAS PAS BUKA APLIKASI HUJAN LEBAT, GILIRAN TEMPAT KU HUJAN LEBAT MALAH DI APLIKASI CERAH BERAWAN. INI YG NGACO SATELIT NYA APA GIMANA ?. APLIKASI CUACA ACCUWEATHER, JUSTRU LEBIH AKURAT 🥱🥱. UDAH GITU NOTIFIKASI PERINGATAN DINI GAK MUNCUL, CUMA NOTIFIKASI GEMPA DOANG YG MUNCUL DI BAR NOTIFIKASI, PADAHAL PENGATURAN SUDAH DI AKTIFIN... HADEHHHH.",Negatif
Lokasi via GPS tidak akurat,Negatif
"Amat sangat bagus untuk masyarakat dan bangsa, semangat !",Positif
Info kejadian lambat terupdate ...,Negatif
Sangat up to date & membantu,Positif
Aplikasi ini g update kondisi gempa hari ini 8 Januari 2025 gempa jam 2 pagi g ada peringatan apa²...apalagi mau nunjukin gede gempa 😡,Negatif
Sangat membantu dalam mencari info gempa,Positif
Terkadang tidak akurat info cuaca nya,Negatif
"Alhamdulillah aplikasinya sudah normal setelah saya hapus kemudian saya download lagi, sekarang update sampai tingkat kelurahan.",Positif
meleset terus,Negatif
Mengapa lokasi asal tempat tinggal tidak muncul di aplikasi?,Negatif
Memuaskan,Positif
"Setelah update, pencariannya berdasarkan desa desa,jadi agak bingung dan ada yg tidak ada yg dicari 🥲 sebelum kyk gini masyaAllah akurat banget andalan utk cek cuaca sebelum berpergian",Negatif
Aplikasinya bagus terus diperbarui lagi,Positif
cuaca ga bisa otomatis ngikutin dimana kita berada,Negatif
Dah tutup aplikasinya. Prakiraan kok mleset terus. Bikin rugi orang usaha.,Negatif
Aplikasi nya lemot sekarang gak update,Negatif
"Tidak akurat, di aplikasi tertera Cerah berawan namun nyatanya hujan Lebat🤣",Negatif
Ufdate gempanya terlalu lama 4-10 menit setelah kejadian,Negatif
Apa ini aplikasi cuacanya kok sering eror,Negatif
Prediksi ombak tidak akurat,Negatif
Aplikasi ini sangat membantu dan mempermudah pengguna,Positif
"Maaf sebelum nya, sebenarnya sudah bagus tp sekedar kasih saran GPS nya tlg akuratin biar tepat sasaran. Terima kasih",Netral
Membantu,Positif
"Lokasi tidak akurat, padahal GPS aktif. Sudah diketik manual bisa. Kalo keluar aplikasi harus ketik lokasi lagi.",Negatif
"Kenapa Radar Cuaca Susah Di Buka Ya, Tolong Penjelasan Nya",Negatif
Mantap,Positif
"Bagusan versi sebelum nyaa hari dan waktu nyaa berurut di aplikasi, klo yang skrg mah dari selasa masa setelah nyaa udah langsung sabtu aja, semoga bisa diperbaiki",Negatif
Masa wilayaku enggak ada ?,Negatif
"Semenjak update terbaru, lokasinya jadi error dpt gunung sahari terus, padahal saya tinggal di Jakarta, mau pilih lokasi manual pun tetap ke gunung sahari terus... Tolong update yang beneran.",Negatif
Sebenarnya sangat membantu tapi kenapaya akhir akhir ini saya tidak bisa membuka terkendala lokasi,Negatif
BMKG buatlah video cara mengatasi gempa besar agar orang orang agar mengetahui teknologi informasi tentang gempa,Netral
"Tidak lengkap, kalau mau ngecek potensi2 seperti banjir harus bentuk link lain lagi",Negatif
infoBMKG update,Netral
"Setelah di update. Lokasinya gabisa diganti. Udah diganti ke lokasi saya, malah kembali ke lokasi Gunung Sahari Selatan.",Negatif
Saya suka aplikasi ini penting untuk mengetahui informasi tentang cuaca dan bencana alam,Positif
"Habis diupdate malah lokasinya Gunung Sahari terus padahal sudah dipilih gunakan GPS tetep aja gak ngaruh. Tolong diperbaiki, malah lebih akurat app bawaan hp.",Negatif
7 7aa ar6 rute werrorww,Netral
Keren slalu,Positif
Sangat membantu....,Positif
"Sejak di-update jadinya selalu lokasi gunung Sahari selatan, so baddd",Negatif
"Mohon dicek kembali ttg akurasi lokasi. Sudah saya on kan GPS tracker dan sudah request update lokasi, tapi kenapa lokasi tetap tidak akurat???? Tahun baru bisa panen bintang 1 kalau ga berubah.",Negatif
"Buat semua yang lokasi GPS nya error setelah di update, coba di uninstal dulu terus intal lagi, nanti pilih lokasi dari awal lagi baru bener lokasi GPS nya",Negatif
"Akan lebih berguna buat masyarakat, tambahkan widget Live Radar awan",Netral
Mantap,Positif
Gps ngaco setelah update ganti daerah gk bisa,Negatif
saat ini lokasi gps ngaco.. sebelumnya baik2 saja.. tolong segera diperbaiki..,Negatif
Bismillah berkah,Positif
"Aplikasi setelah saya perbarui gps gak bisa ,citra satelit gak bisa..ngebug",Negatif
"Saat ini pas buka info bmkg kok munculnya wilayah gunung sahari jakarta pusat ya, tdk tmt tinggal kita",Negatif
Sangat membantu.,Positif
"Ada masalah terkait penentuan lokasi cuaca menggunakan GPS kurang akurat, mhon bantuan nya",Negatif
sehabis update malah beberapa lokasi tidak ditemukan untuk prakiraan cuaca,Negatif
Lokasi GPS tidak akurat. Dan GPS selalu not found. Padahal sebelumnya tidak pernah mengalami masalah ini. Tolong diperbaiki.,Negatif
"Sejak update, lokasinya tdk prnh sesuai, sy di makassar, tp lokasi di gunung sahari, walaupun gps diperbaharui, tetap sama lokasinya tdk sesuai.",Negatif
Kenapa bmkg ga bisa kebuka ya aplikasinya?,Negatif
Empat dulu ya. Soalnya aku baru download.🤭,Positif
Jadi tempat referency untuk cuaca dan info tentang gempa yg selalu uptodate..,Positif
"Untuk versi terbaru saya kasih bintang 2,,buka aplikasi berat,gps ngaco,ganti lokasi gak bisa,citra satelit gak bisa diliat..pokoknya jelek banget yang versi terbaru",Negatif
Menjadi manusia yang bertaqwa kepada Allah SWT adalah yang terbaik. In Sha Allah 🇮🇩,Netral
"habis diperbaharui malah ngebug, masa menampilkan cuaca jakarta walau diubah",Negatif
"Perkiraan cuacanya lumayan akurat, tapi sayang, gk ada tampilan widgetnya, adain min ya biar tampilan kerenn😁 tolong adain widget nya 😿",Netral
Sangat bagus,Positif
Mohon menambahkan laman pengamatan suhu di Antarktica. Terminal dan pelabuhan perlu memiliki transmisi jaringan informasi suhu terhubung pada ponsel sopir atau terpasang pada papan digital berjalan tanpa mengganggu badan bus juga kapal layar. Suhu tinggi dengan penurunan suhu rendah cepat mencapai kira 27 °C atau mendekati kabut perlu ada pesan khusus pada berbagai tempat. Mungkin sopir menjadi terbagi fokus maka perlu muncul sirine pada perangkat atau media terdekat tanpa membuat kejut sopir,Netral
Mau cek lokasi di cuaca susah dan mutar-mutar saja. Tidak muncul opsi kelurahan atau desanya. Tolong di perbaiki min.,Negatif
Ok,Positif
Pilih lokasi pake gps gag bisa..bisa🫤,Negatif
"Setelah update ke yang terbaru, lokasinya selalu gunung sahari meskipun kita sudah mengaktifkan lokasi pada hp jadi selalu mengatur lokasi setiap membuka aplikasi",Negatif
Good,Positif
Bagus,Positif
lnfo BMKG,Netral
akses lokasi gps tidak bisa digunakan dalam penetuan lokasi saat ini,Negatif
Sangat akurat bisa dipakai untuk prepare saat ingin bepergian,Positif
Bagusss,Positif
"Habis upgrade malah gak akurat cuacanya, muncul gunung sahari. Diubah kelokasi saya cuacanya gak sama. Hujan angin kencang, malah kebaca cuacanya berawan. Gimana se ini, malah gak ngebantu sama sekali.",Negatif
"maaf kenapa menu radar sekarang ada tulisannya eror terus,, mohon diperbaiki,,soal lainnya sudah cukup baik,, terimakasih",Negatif
Fitur gps nya gak berfungsi,Negatif
Sangat membantu,Positif
Afk in memang joss,Positif
Ok,Positif
Membantu membaca kondisi terbaru gempa,Positif
Habis di update mlah lokasi jd ngak jelas tolomg di perbaiki,Negatif
"Sebelum di Update langsung bisa mengupdate Cuaca dari Saya tinggal, Setelah di Update posisi nya Tetap Gunung Sahari Jakarta, Aplikasi ini untuk orang Jakarta Gunung Sahari atau Indonesia? Aplikasi BMKG nya tambah ruwet .",Negatif
Bagus,Positif
"Tolong diperbaiki. Kenapa punya saya setelah diupdate, ganti lokasi ngga bisa, pake gps jg ngga bisa. Citra satelit jg ngga bisa dibuka. Pdhl sinyalnya bagus.. Mohon perhatiannya. Terima kasih.",Negatif
"Setelah update malah gajelas infonya, lokasinya pun tdk akurat, yang ditampilin malah info di lokasi jabodetabek, padahal saya di sulawesi😭 Gk banget deh pokoknya😭🙏🏻",Negatif
Oke,Positif
Update terakhir aplikasi gk bisa ada peringatan kondisi cuaca extrim didaerah sekitar...,Negatif
Ga akurat,Negatif
Can't fetch location gajelas gitu melulu wkwkwk aneh emang padahal lokasi GPS-nya udh di nyalain,Negatif
Setelah di update bukan jadi tambah bagus malah ngebug gajelas.,Negatif
Habis diupdate malah gps gak terdeteksi. Selalu muncul lokasi jabotebek. Ya udah tak tunggu 3 hari kalo masih gini langsung uninstall aja.,Negatif
Oke,Positif
Aplikasi yang bermanfaat,Positif
Aplikasinya bagus!,Positif
Sangat bermafaat dan tepat,Positif
"Bagus buat liat update cepet, tp entah tiba2 lokasi ku jd pindah ke jawa barat, pdhl aq di DIY. Disetting cari lokasi g bisa, gmna dong ini?",Negatif
"Lokasi tidak bisa di permanenkan, walaupun sudah di ganti lokasi,ttp kembali ke pengaturan default, lokasi jakarta. Sebagai petani di daerah sangat kecewa dgn update ini",Negatif
"Koq setelah diupdate malah makin jelek, peringatan dini cuaca harus aktifin gps lokasi, padahal sebelumnya tdk bgitu, skrg hanya pringatan tdk update, mlh jarang ada notifikasinya, kcuali gempa",Negatif
"Lokasi salah, hasil prakiraan jadi tidak akurat. Mohon diperbaiki",Negatif
"Payah, setelah di update lokasinya di gunung sahari selatan terus, tidak bisa ngedete detect lokasi real time",Negatif
"Di update bukannya makin bagus malah ngawur, ga bisa dirubah ke lokasi yang sesuai, gps ga bisa .. balik lagi ke gunung sahari 🥲",Negatif
Sangat penting mengenai informasi cuaca di wilayah indonesia dan sekitarnya..,Positif
Terimakasih sudah memberikan info yang terbaik untuk masyarakat Indonesia,Positif
Sudah semakin akurat,Positif
"Kenapa prakiraan cuaca di daerah saya malah di daerah gunung Sahari di kawasan daerah Jabodetabek, tolong segera diperbaiki sistemnya.",Negatif
"Gak bisa pindah lokasi, gunung sahari selatan terus",Negatif
"Ngebug, sudah stel lokasi di wilayah Jayapura,Papua malah lokasinya gunung Sahari Selatan",Negatif
Setelah diupdate malah titik lokasi di Gunung Sahari Selatan terus tolong segera diperbaiki,Negatif
Waktu belum di update lokasi ny sesuai tapi kenapa pas di update lokasi ny di gunung Sahari udh di coba ganti pakai GPS dan manual masih aj di gunung Sahari lokasi saya di Sumatra Selatan mohon di perbaiki lagi 🙏🙏🙏,Negatif
Setelah update terakhir 14 des. Menu cuaca gak otomatis gps nya. Selalu berada di gunung sahari jakarta. Mohon segera di perbaiki.,Negatif
Baik dan mudah mengetahui,Positif
Bagus,Positif
Location di berandanya tidak bisa diganti,Negatif
"Bagus dan akurat. Cuma update terbaru, gk bisa deteksi gps dengan akurat. Dan pencarian lokasi, lebih mudah yang dulu, yang hanya tingkat kecamatan.",Netral
begitu di update malah eror,Negatif
"Baru aja diupdate...lokasi malah pindah ke jakarta,udah diubah...nanti kalo buka lagi balik ke jakarta gunung sahari...",Negatif
Di-update malah GPS nya kacau... Aku di Jogja kenaknya di Jakarta Untuk mencari kelurahan tidak ditemukan... Dulu pakai kecamatan malah akurat,Negatif
Ini kenapa jadi di gunung Sahari terus ya lokasinya? Berulangkali di-set tetep munculnya gunung Sahari,Negatif
setelah update jadi ga bisa GPS nya...jadi ga dapet peringatan dini cuaca dilokasi saya pdhal sbelum update masih bisa..,Negatif
"Di update jadi kurang, tolong kembalikan seperti sebelumnya, terimakasih",Negatif
Setelah update aplikasi tidak bisa di setting sesuai lokasi device,Negatif
Tolonglah bagi tim IT BMKG utk sering2 cek aplikasinya. Biar cepat ambil tindakan klo ada trouble. GPS ngaco. Masa lokasi sy didepok tp titik GPS di JKT. Aplikasi jg ga bisa dibuka & connection failed.,Negatif
ada fitur cek pasang surut air sungai/laut terdekat kah min... Mohon infonya..,Netral
"Aplikasi nya nge-bug, saya ganti lokasi kok tetep aja gunung sahari selatan",Negatif
Sebelum kerja pasti liat BMKG apalagi kalo lagi musim ujan wakakakak. GO SCIENCE GOOO,Positif
Error cuaca bukan di daerah pengguna,Negatif
Bmkg memang hebat dn oky,Positif
Sangat membantu,Positif
Mengapa Saat dibuka pertama kali GPS tidak mendeteksi tempat tinggal saya.. Malah nyasar ke daerah perairan Afrika.. Mohon Segera Diperbaiki.. Kemarin Sebelum Diperbarui aplikasinya baik2 saja.. Ini setelah diperbarui aplikasinya sangat ngaco..,Negatif
Setelah diupdate posisi kelurahan/desa selalu gunung sahari selatan.. msh ada bugs udah production,Negatif
Sangat membantu dalam mencari informasi terkait keadaan alam,Positif
Sangat membantu,Positif
"Bagus dan akurat 100% dlm mendeteksi cuaca,tapi Informasi nya sedikit lbih lama",Positif
Sangat bermanfaat,Positif
Dg ada nya impo BMKG masarakat bisa lebih waspada terhadap apa yg terjadi tentang penomena alam,Positif
Baru,Netral
Cukup akurat,Positif
"review alhir 2024, setelah diupdate cuaca per kelurahan blm stabil. ganti lokasinya blm bisa berubah . . peringatan dini cuaca gak bisa pilih provinsi",Negatif
"Maaf terpaksa saya turunin bintang nya,karena setelah update jaringan nya sering lambat drpd sebelumnya,sudah tidak ada memo peringatan dini,",Negatif
Dapat di percaya,Positif
Informasi yang membuat orang berpikir sedia payung sebelum hujan,Positif
"Bagus,bermanfaat tetapi tidak ada sinyal peringatan jika lokasi pemakai apk akn terkena gempa",Positif
👍,Positif
16 Desember 2024 masih ada bug di menu Gempabumi Real-time yang menunjukkan lokasi USER berada di Gunung Sahari Selatan dan dengan jarak belasan ribu kilometer,Negatif
Sangat informatif. Terima kasih,Positif
Tolong tampilkan notifikasi potensi tsunami atau tidak,Netral
Bagus dan sangat membantu untuk mengetahui keadaan cuaca dan bencana,Positif
"Dengan disiarkannya secara global, maka kami masyarakat yang tinggal disekitaran pantai dapat segera mengetahui bahaya yang akan terjadi apakah itu gempa bumi angin topan gelombang tinggi sehingga kami selalu waspada dan berhati-hati. Terimakasih kepada semua pihak yang telah berupaya terutama BMKG.",Positif
Ingormasi penting sangat di perlukan Makasih,Positif
Bang Squadzone...are u there?,Netral
"Mengapa setelah di update jadi tidak bisa lihat cuaca di wilayah saya,malah Jabodetabek yg muncul, di setting juga tetap nggak bisa....",Negatif
Setelah di update jadi kurang akurat,Negatif
Terbaik dan konsiaten,Positif
infony update👍,Positif
Good job,Positif
"Terima kasih BMKG atas informasinya perihal cuaca dalam keseharian. Kami bekerja sebagai buruh di perkebunan kelapa sawit,yang sangat membutuhkan informasi cuaca.",Positif
tlg diperbaiki ada bug setelah pilih lokasi tetap pada seting default bug setelah update,Negatif
"Aduh bmkg, saya barusan kena gempa, tp liat apk nya kok ngga bisa langsung laporan gempanya. Saya berharap notifikasi gempanya bisa real time. Thx",Negatif
Hujan ringan,Netral
"DI UPDATE MALAH NGEBUG GABISA GANTI LOKASI, BUG GUNUNG SAHARI MULU",Negatif
Semua info dr bmkg sangat membantu dr,Positif
"sangat membantu bagi saya, apa lg seperti saya yng krja di laut",Positif
Aplikasinya setelah di-update tidak dapat berubah lokasinya hanya wilayah gunung sehari selatan,Negatif
Mantap,Positif
"nyesel update aplikasinya, krn g otomatis mendeteksi lokasi sy, cb setting manual dg pilih desa tetap sj tdk update sesuai lokasi pilihan",Negatif
"Aplikasi bagus, sangat membantu saya dalam melihat kondisi cuaca di daerah bila saya dalam perjalanan utk persiapan",Positif
Setelah update yang baru malah eror. Informasi cuaca gak sesuai dengan yang terjadi. Aplikasi sekelas pemerintah kok gini amat. Malah aplikasi cuaca bawaan lebih akurat haiisss,Negatif
"Kenapa setelah update aplikasi ini, kok jadi bukan kondisi cuaca di tempat pengguna aplikasi masing-masing malah jadi Gunung Sahari Selatan? Tolong ya di perbaiki lagi agar tidak terjadi bintang satu!",Negatif
Sudah di setting daerah saya kenapa kembali ke gunung Sahari Jakarta,Negatif
ok,Positif
Sangat membantu dalam prediksi cuaca dan informasi gempa,Positif
"Setelah aplikasi diupdate, informasi yang ditampilkan menjadi aneh. Tetapi setelab diinstal ulang, bisa normal lagi.",Negatif
Keren min aplikasinya. Prakiraan cuaca sangat membantu untuk yg suka bepergian. Jadi bisa lebih prepare. Mungkin kedepannya bisa dibuatkan widget yg bisa diletakkan di homescreen untuk mempermudah pengecekan cuaca. 😁,Positif
Mantaplah dengan info update cuaca,Positif
Masih kurang desa/kelurahan di gabus Pati Jawa Tengah Indonesia,Negatif
Kurang ngerti updatenya yg baru,Negatif
Sangat membantu dalam pelayaran,Positif
Aplikasi ini benar-benar bagus. Walaupun terkadang meleset. Tapi sejauh ini perkiraan cuacanya sama,Positif
"Sangat membantu, meskipun kadang tidak akurat",Positif
Aplikasinya keren,Positif
bug di lokasi cuaca pakai GPS kurang tepat...,Negatif
"kecewa, di update malah ngebug tata letak berantakan dan gambar biasanya terdisplay di depan menghilang, tulisan tertutupi layer yg salah letak... tolong perbaiki",Negatif
Selalu tampil setiap dibutuhkan.,Positif
Ok,Positif
"Kalau bisa (A) Hujan diuraikan : 1) Hujan Panas, 2) Hujan Angin, 3) Hujan Petir, 4) Hujan Gerimis (B) Kabut diuraikan : 1) Kabut Asap, 2) Kabut Embun, 3) Kabut Tebal. Perbaiki untuk upgrade berikutnya",Netral
Informasinya sangat membantu.,Positif
"Ternyata perlu uninstall baru bisa berfungsi dengan baik, sebelum nya setelah update GPS nya tidak berfungsi dan pengaturan lokasi selalu gagal singkron dengan daerah yg di masukan",Positif
"aplikasi setelah diupdate, malah error, ubtuk melihat citra satelit tidak bisa, terus untuk lokasi selalu di daerah tanggerang atau daerah jakarta. mohon diperbaiki lagi aplikasinya",Negatif
setelah di update malah lokasi lag.. kocak..,Negatif
"Begitu di instal lokasi gx bisa masuk cuma muter2 doang, maaf baru kasih bintang satu baru di coba tp gagal...🙏🙏🙏",Negatif
Sangat bagus... coba dong animasi radarnya seperti MSN cuaca milik windows .radrnya animasi hujan nya bagus.. pengen radar hujan BMKG kayak tadar MSN cuaca..,Positif
Mantab,Positif
Bagus sebelumnya Punya saya tersetting wilayah gunung sahari selatan tidak bisa diubah walaupun gps diaktifkan Maaf saya uninstall,Negatif
cjkup baik memberinformasih tepat.,Positif
"Sayang sekali aplikasinya di buka sangat berat, loadingnya lama buat masuk interface awal. Semoga dapat diperbaiki lagi. Saran, agar lebih menarik tambahkan fitur widget min, krn saya kira udah lengkap infonya tinggal kembangin lagi",Negatif
Habis diperbatui malah ngebug. Gk bs dibuka 🤦‍♀️,Negatif
Aplikasi yang sangat berguna,Positif
Masih sering kurang pas prakiraan nya,Negatif
💯💯💯,Positif
"Baru di perbarui kenapa susah pencarian lokasi tempat kita tinggal tidak di temukan, dan mohon maaf saya kasih 1 bintang",Negatif
Bagus,Positif
Notifnya masih lebih cepat info gempa di aplikasi media sosial. Smoga dperbaiki.,Negatif
Aplikasi ini semakin informatif rasanya 😆,Positif
"Turunin hujan napa, Ini bekasi,Tiap mendung ge, Angin mulu.",Netral
Aldifebry,Netral
Lol banyak bug cuaca kw lol,Negatif
Sangat membantu,Positif
Info cuacanya membantu,Positif
Untuk info radar kok eror /tidak bisa di akses/ gangguan.,Negatif
"Aplikasi sudah bagus, tapi saat pertama buka lama sekali.",Positif
"Apk udah bagus,cuma kenapa ada gempa di provinsi saya sendiri tidak terdeteksi,mohon di bantu dan d perbaiki lagi,supaya kinerja Jadi lebih bagus lagi",Netral
"Setelah di update versinya justru kurang memuaskan, dari fiturnya, dan terutama keakuratan data maritimnya juga sangat jauh melenceng.",Negatif
Apk nya sangat berguna dan membantu,Positif
Sangat membantu,Positif
Kurang akurat di tempatku hujan lebat disertai angin 30menit tapi lihat di aplikasi sama sekali tidak ada petunjuk pantauan satelit awan atau hujan.,Negatif
"Daerah saya gempa sudah setengah jam yang lalu, tapi belum ada catatan dalam list aplikasi ini, berarti tidak cepat update dong",Negatif
"Agak lambat infonya..berbahaya kl potensi tsunami.udah pada mati,baru keluar info.",Negatif
Oke,Positif
Good Job,Positif
"1. Notifnya sudah nyala untuk gempa, tapi untuk Peringatan Dini Cuaca masih telat telat. 2. Tolong itu radar yang Yogyakarta kenapa tidak tampak normal? Surabaya juga mati. 3. Partisipasi pemilihan cuaca sebaiknya bisa memilih lebih dari 1 kejadian.",Negatif
"Untuk Radar tidak bisa dibuka, padahal sangat membantu kalau normal, mohon segera diperbaiki",Negatif
Youtube,Netral
Informasinya yang sangat cepat,Positif
Lokal,Netral
Cocok untuk mengetahui cucca,Positif
"Sekarang jdi kudet, gempa udh dirasakan tapi blum muncul notifikasi.",Negatif
Tidak akurat sedikitpun,Negatif
Bagus,Positif
Semoga BMKG selalu menjadi Hal yang paling Informatif bagi seluruh Masyarakat Indonesia. 🙏🙌,Positif
baik,Positif
cukup akurat☁️☁️☁️,Positif
"Masih kurang, di aplikasi cerah padahal lagi hujan lebat. Begitu sebaliknya. Tolong di perbaiki",Negatif
Lebih akurat aplikasi bawaan hape saya🤣,Negatif
Lengkap,Positif
"Aplikasinya sudah bagus, tapi lebih bagus lagi dibikin juga dong widget nya",Positif
"Aplikasinya kurang memprediksi cuaca, saya sangat kecewa atas hal ini.",Negatif
"Prediksi cuaca ga pernah akurat, BMKG bagaimana iniiiii?",Negatif
Aplikasinya sangat bagus sekali dan cocok untuk melihat ramalan cuaca di Jawa Timur.,Positif
Apk nya bagus dan sangat membantu sekali,Positif
"Prediksi cuaca 100% gk ada yang akurat, 🤣 aplikasi bodong.",Negatif
Terbaik,Positif
Ok,Positif
"Mohon maaf BMKG sebelumnya, bahwa di radar untuk Daerah Istimewa Yogyakarta itu masih bermasalah hanya berhenti di jam 12.53 saja dari tanggal 23 Nov 2024 setelahnya atau jam berikutnya tidak ada lagi mohon di perbaiki Terimakasih",Negatif
masih kurang akurat,Negatif
Sekarang melihat radar awan kok gak bisa,Negatif
Ok,Positif
mantap,Positif
Aplikasi ini sangat membantu untuk melihat cuaca di sekitar...,Positif
"Ramalan BMKG gk akurat masalah cuaca, di aplikasi hujan lebat Disini gk hujan mallahh panas cuaca nya perbaiki lg ke akuratan nya",Negatif
knpa gag bisa di buka,Negatif
gk update dan gk Akurat🥲,Negatif
Ok,Positif
"Terus sempurnakan lagi ya bmkg, saya suka ke akuratan cuaca dari estimasi sampai kapan turun hujan..",Netral
Pokoknya mantap,Positif
Hak bisa dibuka.. Error..,Negatif
semoga akurat,Netral
Sangat membantu untuk mengetahui cuaca hujan,Positif
Ok,Positif
Bgus,Positif
"Aplikasi sangat membantu, tapi sayang.a daerah srby dan sekitar tidak terjangkau sampai saat mungkin dari pihak aplikasi segera selesaikan karena apk ini sangat membantu bagi orang"" yg suka perjalanan jauh 🙏",Netral
sangat membantu,Positif
Kami meŕasa terbantu dlm keadaan dan kondisi alam yang terjadi.kaml bs melakukan upaya apa yg harus supaya aman. Terima kasih.!!,Positif
Sangat membantu utk mengetahui cuaca dan gempa yg ada di seluruh kota di Indonesia jdi lebi waspada krn ada notif yg di informasikan,Positif
Ut cuaca cukup akurat,Positif
Kenapa saya kasih bintang empat 🌟🌟🌟🌟 Karena ini pemerintah yang boleh pakek jadi saya kasih bintang empat 🌟🌟🌟🌟,Netral
Biasa,Netral
Mantap,Positif
Untuk informasi kualitas udara mohon diperluas lagi.khususnya daerah yang sering terjadi kebakaran hutan.untuk tampilan cuaca mohon dilengkapi lagi seperti aplikasi-aplikasi lain.,Netral
Sangat bermanfaat,Positif
"BMKG handal, Demi Indonesia, Sukses selalu...Aamiin🤲",Positif
"Min, kalok prediksi cuaca yg bener dong, katanya bakal ujan tpi gak ujan2 nih daerah denpasar Php lu min",Negatif
"Aplikasinya cukup bagus. Cuma sedikit saran aja. D bagian info cuaca, pengguna dapat berpartisipasi memberikan info cuaca yang terlihat oleh pengguna. Tapi di fitur itu pengguna hanya bisa memilih satu saja fenomena yang ada. Sedangkan terkadang ada dua atau tiga fenomena cuaca yang bisa terjadi dalam satu waktu. Misal berawan, hujan ringan, angin kencang. Jadi mungkin bisa d buat pengguna dapat memilih lebih dari 1 fenomena cuaca. Terimakasih, semoga BMKG kita semakin maju ya",Positif
aplikasi ini bisa mendeteksi gempa,Netral
A.S,Netral
",👍",Positif
"Untuk keseluruhan, sudah bagus. Saran saya tambah mode gelap ke aplikasi ini.",Positif
Cukup bagusss,Positif
Cukup bagus,Positif
ok,Positif
Bagus.twrima kasih atas INFONYA,Positif
خزغة٥ م،، ٥زع,Netral
Cuaca Terbaik 😇,Positif
Aplikasi nya sangat informatif dan membantu,Positif
sangat membantu sekali pada setiap kondisi.,Positif
Ok,Positif
"Selalu mengikuti,untuk mendapatkan info terkini tentamg fenomena iklim",Positif